Workbook

Sheet Assessment
A1: NORMAN’S GAP — ASSESSMENT
A2: Use whole-number scores from 1–10. Score from observable evidence, not intention or narrative.
A4: EXTERNAL PRESSURE
A5: Factor | B5: Question / Prompt | C5: Score (1–10) | D5: Observed Evidence | E5: Observer | F5: Notes
A6: Market Pressure | B6: How volatile are market conditions, demand, or competitive dynamics?
A7: Operational Pressure | B7: How much backlog, constraint, rework, or delivery stress is present?
A8: Time Pressure | B8: How compressed are timelines, escalations, and decision windows?
A9: Risk Pressure | B9: How exposed is the company to financial, quality, regulatory, or customer risk?
A11: SYSTEM REGULATION
A12: Factor | B12: Question / Prompt | C12: Score (1–10) | D12: Observed Evidence | E12: Observer | F12: Notes
A13: Ownership Clarity | B13: Are issues assigned immediately to one named owner with outcome accountability?
A14: Decision Speed | B14: Are decisions made quickly at the right level, without unnecessary delay?
A15: Escalation Discipline | B15: Do issues move upward early, clearly, and intact, without filtering or softening?
A16: KPI Truth | B16: Do metrics reflect reality, or are they delayed, summarized, or politicized?
A18: LEADER REGULATION
A19: Factor | B19: Question / Prompt | C19: Score (1–10) | D19: Observed Evidence | E19: Observer | F19: Notes
A20: Composure Under Pressure | B20: Does the leader remain grounded and clear when pressure rises?
A21: Decision Quality | B21: Does the leader make timely, durable decisions with explicit trade-offs?
A22: Ownership Behavior | B22: Does the leader take responsibility, or deflect and distribute accountability?
A24: Best practice: consultant-led scoring first. Add self-score later only for comparison.

Sheet Dashboard
A1: NORMAN’S GAP — EXECUTIVE DASHBOARD
A2: This version translates the model into more intuitive numbers while preserving the core logic. | J2: Metric | K2: Scaled Value
J3: External Pressure | K3: =A7 -> #DIV/0!
A4: EXECUTIVE SNAPSHOT | J4: Internal Regulation | K4: =C7 -> #DIV/0!
J5: Gap Severity /10 | K5: =IFERROR(G7/10,"")
A6: External Pressure | C6: Internal Regulation | E6: Gap Index | G6: Gap Severity (0–100) | J6: Effectiveness x10 | K6: =IFERROR(A10*10,"")
A7: =AVERAGE(Assessment!C6:C9) -> #DIV/0! | C7: =(AVERAGE(Assessment!C13:C16)*0.6)+(AVERAGE(Assessment!C20:C22)*0.4) -> #DIV/0! | E7: =IFERROR(A7/C7,"") | G7: =IFERROR(MAX(0,(E7-1)*100),"")
A9: Regulation Effectiveness | C9: Gap Score | E9: State | G9: Plain-English Read
A10: =IFERROR(C7/A7,"") | C10: =A7-C7 -> #DIV/0! | E10: =IF(E7="","",IF(E7<1,"Stable",IF(E7<=1.15,"Managed Tension",IF(E7<=1.3,"Widening Gap",IF(E7<=1.5,"Instability Forming","System Risk"))))) | G10: =IF(E10="","",IF(E10="Stable","Pressure is below regulation.",IF(E10="Managed Tension","Pressure and regulation are close. Monitor trends.",IF(E10="Widening Gap","Pressure is beginning to outpace regulation.","The gap is material and needs intervention."))))
A13: COMPONENT DETAIL
A14: Category | B14: Factor | C14: Score | E14: Category | F14: Factor | G14: Score
A15: External Pressure | B15: Market Pressure | C15: =Assessment!C6 -> 0 | E15: System Regulation | F15: Ownership Clarity | G15: =Assessment!C13 -> 0
A16: External Pressure | B16: Operational Pressure | C16: =Assessment!C7 -> 0 | E16: System Regulation | F16: Decision Speed | G16: =Assessment!C14 -> 0
A17: External Pressure | B17: Time Pressure | C17: =Assessment!C8 -> 0 | E17: System Regulation | F17: Escalation Discipline | G17: =Assessment!C15 -> 0
A18: External Pressure | B18: Risk Pressure | C18: =Assessment!C9 -> 0 | E18: System Regulation | F18: KPI Truth | G18: =Assessment!C16 -> 0
E20: Leader Regulation | F20: Composure Under Pressure | G20: =Assessment!C20 -> 0
E21: Leader Regulation | F21: Decision Quality | G21: =Assessment!C21 -> 0
E22: Leader Regulation | F22: Ownership Behavior | G22: =Assessment!C22 -> 0
A25: LEGEND — HOW TO READ THE NUMBERS
A26: Metric | B26: Range | C26: Meaning | D26: Read it as
A27: Gap Index | B27: < 1.00 | C27: Stable | D27: Regulation exceeds pressure
A28: Gap Index | B28: 1.00 – 1.15 | C28: Managed Tension | D28: Close enough, but watch it
A29: Gap Index | B29: 1.16 – 1.30 | C29: Widening Gap | D29: Pressure is pulling ahead
A30: Gap Index | B30: 1.31 – 1.50 | C30: Instability Forming | D30: The system is falling behind
A31: Gap Index | B31: > 1.50 | C31: System Risk | D31: Failure is likely without intervention
A32: Gap Severity | B32: 0 – 10 | C32: Low | D32: Minimal misalignment
A33: AUTO-WRITTEN INTERPRETATION
A34: =IF(E10="", "", IF(E10="Stable","Regulation exceeds pressure. System has capacity.",IF(E10="Managed Tension","System is stable but margin is narrowing.",IF(E10="Widening Gap","Pressure is outpacing regulation. Early risk forming.",IF(E10="Instability Forming","System instability present. Immediate action required.","System at risk of failure. Intervention critical.")))))
A37: =IF(E10="", "","Focus intervention on weakest system element identified in scoring.")

Sheet SOP & Logic
A1: NORMAN’S GAP — BRIEF SOP & LOGIC
A3: CORE FORMULA | B3: Gap = Pressure − Regulation
A4: WHY THIS TOOL EXISTS | B4: It shows whether the client can respond to reality fast enough to matter.
A5: STEP 1 | B5: Complete the Assessment tab using observable evidence. Use 1–10 scores for all factors.
A6: STEP 2 | B6: Review the Dashboard outputs: External Pressure, Internal Regulation, Gap Score, Gap Index, Gap Severity, and Effectiveness %.
A7: STEP 3 | B7: Use Gap Severity and Effectiveness % as your executive-facing translation. Keep Gap Index underneath as the true instrument.
A8: PRESSURE | B8: What reality is demanding right now.
A9: REGULATION | B9: The system’s ability to respond effectively.
A10: GAP | B10: The distance between what is required and what is possible.
A11: GAP SEVERITY | B11: A 0–100 translation score. Formula: max(0, (Gap Index − 1) × 100).
A12: EFFECTIVENESS % | B12: How much regulation the system has relative to pressure. Formula: Regulation ÷ Pressure.
A13: FINAL RULE | B13: The score confirms. It does not explain.

Sheet Client Summary
A1: NORMAN’S GAP — CLIENT SUMMARY
A2: One-page executive summary of current pressure, regulation, gap, and recommended action.
A4: EXECUTIVE SNAPSHOT
A6: External Pressure | C6: Internal Regulation | E6: Gap Severity (0–100)
A7: =Dashboard!A7 -> #DIV/0! | C7: =Dashboard!C7 -> #DIV/0! | E7: =Dashboard!G7
A10: Effectiveness % | C10: State | E10: Gap Score
A11: =Dashboard!A10 | C11: =Dashboard!E10 | E11: =Dashboard!C10 -> #DIV/0!
A14: AUTO INTERPRETATION
A15: =Dashboard!A34
A19: =Dashboard!A37
A24: RECOMMENDED NEXT ACTIONS
A25: Action Area | B25: What to do next
A26: Ownership | B26: Assign one named owner per issue or initiative. Eliminate shared accountability.
A27: Decision Speed | B27: Reduce time between signal and decision. Decide at the correct level without unnecessary escalation.
A28: Escalation | B28: Move issues upward earlier and intact. Remove summarizing and softening of signal.
A29: KPI Truth | B29: Ensure metrics reflect reality without distortion, delay, or narrative protection.
A30: Leadership | B30: Strengthen composure, trade-off clarity, and ownership behavior under pressure.
A32: CORE PRINCIPLE
A33: The score confirms. It does not explain.
