Workbook

Sheet MOS Pressure Test
A1: MOS PRESSURE TEST — Pressure-to-Regulation Model
A2: Score each pressure point from 1–10. Higher External Pressure = more stress. Higher Internal Regulation = stronger MOS capacity.
A4: Category | B4: Pressure Point | C4: External Pressure (1-10) | D4: Internal Regulation (1-10) | E4: Pressure Gap | F4: Instability Ratio | G4: Risk Level | H4: Evidence / Observations | I4: Owner | J4: Action Required
A5: Decision Flow | B5: Decision Latency | E5: =IF(OR(C5="",D5=""),"",C5-D5) | F5: =IF(OR(C5="",D5="",D5=0),"",C5/D5) | G5: =IF(F5="","",IF(F5>=1.5,"Critical",IF(F5>=1.2,"High",IF(F5>=0.9,"Watch","Stable")))) | H5: Time from issue → owner → decision → execution
A6: Signal Flow | B6: Signal Compression | E6: =IF(OR(C6="",D6=""),"",C6-D6) | F6: =IF(OR(C6="",D6="",D6=0),"",C6/D6) | G6: =IF(F6="","",IF(F6>=1.5,"Critical",IF(F6>=1.2,"High",IF(F6>=0.9,"Watch","Stable")))) | H6: How much frontline truth is preserved upward
A7: Escalation | B7: Escalation Integrity | E7: =IF(OR(C7="",D7=""),"",C7-D7) | F7: =IF(OR(C7="",D7="",D7=0),"",C7/D7) | G7: =IF(F7="","",IF(F7>=1.5,"Critical",IF(F7>=1.2,"High",IF(F7>=0.9,"Watch","Stable")))) | H7: Speed and accuracy of escalation to correct tier
A8: Leadership | B8: Leadership Regulation | E8: =IF(OR(C8="",D8=""),"",C8-D8) | F8: =IF(OR(C8="",D8="",D8=0),"",C8/D8) | G8: =IF(F8="","",IF(F8>=1.5,"Critical",IF(F8>=1.2,"High",IF(F8>=0.9,"Watch","Stable")))) | H8: Consistency of leadership behavior under stress
A9: Recovery | B9: Operational Recovery | E9: =IF(OR(C9="",D9=""),"",C9-D9) | F9: =IF(OR(C9="",D9="",D9=0),"",C9/D9) | G9: =IF(F9="","",IF(F9>=1.5,"Critical",IF(F9>=1.2,"High",IF(F9>=0.9,"Watch","Stable")))) | H9: Speed to return to baseline after disruption
A10: Ownership | B10: Ownership Clarity | E10: =IF(OR(C10="",D10=""),"",C10-D10) | F10: =IF(OR(C10="",D10="",D10=0),"",C10/D10) | G10: =IF(F10="","",IF(F10>=1.5,"Critical",IF(F10>=1.2,"High",IF(F10>=0.9,"Watch","Stable")))) | H10: Single accountable owner assigned for critical issues
A11: Meetings | B11: Cadence Stability | E11: =IF(OR(C11="",D11=""),"",C11-D11) | F11: =IF(OR(C11="",D11="",D11=0),"",C11/D11) | G11: =IF(F11="","",IF(F11>=1.5,"Critical",IF(F11>=1.2,"High",IF(F11>=0.9,"Watch","Stable")))) | H11: Meetings produce decisions, not just status updates
A12: KPI System | B12: KPI Truth / Distortion | E12: =IF(OR(C12="",D12=""),"",C12-D12) | F12: =IF(OR(C12="",D12="",D12=0),"",C12/D12) | G12: =IF(F12="","",IF(F12>=1.5,"Critical",IF(F12>=1.2,"High",IF(F12>=0.9,"Watch","Stable")))) | H12: KPIs reveal reality rather than mask it
A13: Capacity | B13: Resource / Staffing Flexibility | E13: =IF(OR(C13="",D13=""),"",C13-D13) | F13: =IF(OR(C13="",D13="",D13=0),"",C13/D13) | G13: =IF(F13="","",IF(F13>=1.5,"Critical",IF(F13>=1.2,"High",IF(F13>=0.9,"Watch","Stable")))) | H13: Ability to absorb workload, absence, demand spikes
A14: Supply Chain | B14: Supplier / Input Volatility | E14: =IF(OR(C14="",D14=""),"",C14-D14) | F14: =IF(OR(C14="",D14="",D14=0),"",C14/D14) | G14: =IF(F14="","",IF(F14>=1.5,"Critical",IF(F14>=1.2,"High",IF(F14>=0.9,"Watch","Stable")))) | H14: Exposure to supplier, material, logistics shocks
A15: Communication | B15: Cross-Functional Coordination | E15: =IF(OR(C15="",D15=""),"",C15-D15) | F15: =IF(OR(C15="",D15="",D15=0),"",C15/D15) | G15: =IF(F15="","",IF(F15>=1.5,"Critical",IF(F15>=1.2,"High",IF(F15>=0.9,"Watch","Stable")))) | H15: Speed of alignment across functions
A16: Governance | B16: Executive Decision Window | E16: =IF(OR(C16="",D16=""),"",C16-D16) | F16: =IF(OR(C16="",D16="",D16=0),"",C16/D16) | G16: =IF(F16="","",IF(F16>=1.5,"Critical",IF(F16>=1.2,"High",IF(F16>=0.9,"Watch","Stable")))) | H16: Ability to decide before the window closes
A19: MOS SUMMARY SCORE
A20: Average External Pressure | B20: =IF(COUNT(C5:C16)=0,"",AVERAGE(C5:C16)) | D20: Risk Band | E20: Ratio | F20: Meaning
A21: Average Internal Regulation | B21: =IF(COUNT(D5:D16)=0,"",AVERAGE(D5:D16)) | D21: Stable | E21: < 0.90 | F21: Regulation exceeds pressure; MOS absorbing stress
A22: Average Pressure Gap | B22: =IF(OR(B20="",B21=""),"",B20-B21) | D22: Watch | E22: 0.90–1.19 | F22: Pressure approaching system capacity
A23: Pressure-to-Regulation Ratio | B23: =IF(OR(B21="",B21=0),"",B20/B21) | D23: High | E23: 1.20–1.49 | F23: Instability forming below surface
A24: Overall Risk Level | B24: =IF(B23="","",IF(B23>=1.5,"Critical",IF(B23>=1.2,"High",IF(B23>=0.9,"Watch","Stable")))) | D24: Critical | E24: >= 1.50 | F24: MOS likely losing coherence under pressure
A25: Norman's Law Signal | B25: =IF(B23="","",IF(B23>=1,"External pressure exceeds internal regulation","Internal regulation is absorbing pressure")) | D25: Core Formula | E25: Pressure ÷ Regulation | F25: Norman’s Law operationalized

Sheet Dashboard
A1: MOS PRESSURE DASHBOARD
A2: Leadership view: where pressure exceeds regulation, where decision risk is forming, and what to act on next.
A4: Average Pressure | B4: ='MOS Pressure Test'!B20 | D4: Top Pressure Points
A5: Average Regulation | B5: ='MOS Pressure Test'!B21 | D5: Pressure Point | E5: Pressure | F5: Regulation | G5: Gap | H5: Risk
A6: Average Gap | B6: ='MOS Pressure Test'!B22 | D6: =IF(COUNT('MOS Pressure Test'!E$5:E$16)<1,"",INDEX('MOS Pressure Test'!B$5:B$16,MATCH(LARGE('MOS Pressure Test'!E$5:E$16,1),'MOS Pressure Test'!E$5:E$16,0))) | E6: =IF(D6="","",INDEX('MOS Pressure Test'!C$5:C$16,MATCH(D6,'MOS Pressure Test'!B$5:B$16,0))) | F6: =IF(D6="","",INDEX('MOS Pressure Test'!D$5:D$16,MATCH(D6,'MOS Pressure Test'!B$5:B$16,0))) | G6: =IF(D6="","",E6-F6) | H6: =IF(D6="","",INDEX('MOS Pressure Test'!G$5:G$16,MATCH(D6,'MOS Pressure Test'!B$5:B$16,0)))
A7: Pressure-to-Regulation Ratio | B7: ='MOS Pressure Test'!B23 | D7: =IF(COUNT('MOS Pressure Test'!E$5:E$16)<2,"",INDEX('MOS Pressure Test'!B$5:B$16,MATCH(LARGE('MOS Pressure Test'!E$5:E$16,2),'MOS Pressure Test'!E$5:E$16,0))) | E7: =IF(D7="","",INDEX('MOS Pressure Test'!C$5:C$16,MATCH(D7,'MOS Pressure Test'!B$5:B$16,0))) | F7: =IF(D7="","",INDEX('MOS Pressure Test'!D$5:D$16,MATCH(D7,'MOS Pressure Test'!B$5:B$16,0))) | G7: =IF(D7="","",E7-F7) | H7: =IF(D7="","",INDEX('MOS Pressure Test'!G$5:G$16,MATCH(D7,'MOS Pressure Test'!B$5:B$16,0)))
A8: Overall Risk | B8: ='MOS Pressure Test'!B24 | D8: =IF(COUNT('MOS Pressure Test'!E$5:E$16)<3,"",INDEX('MOS Pressure Test'!B$5:B$16,MATCH(LARGE('MOS Pressure Test'!E$5:E$16,3),'MOS Pressure Test'!E$5:E$16,0))) | E8: =IF(D8="","",INDEX('MOS Pressure Test'!C$5:C$16,MATCH(D8,'MOS Pressure Test'!B$5:B$16,0))) | F8: =IF(D8="","",INDEX('MOS Pressure Test'!D$5:D$16,MATCH(D8,'MOS Pressure Test'!B$5:B$16,0))) | G8: =IF(D8="","",E8-F8) | H8: =IF(D8="","",INDEX('MOS Pressure Test'!G$5:G$16,MATCH(D8,'MOS Pressure Test'!B$5:B$16,0)))
A9: Norman’s Law Signal | B9: ='MOS Pressure Test'!B25 | D9: =IF(COUNT('MOS Pressure Test'!E$5:E$16)<4,"",INDEX('MOS Pressure Test'!B$5:B$16,MATCH(LARGE('MOS Pressure Test'!E$5:E$16,4),'MOS Pressure Test'!E$5:E$16,0))) | E9: =IF(D9="","",INDEX('MOS Pressure Test'!C$5:C$16,MATCH(D9,'MOS Pressure Test'!B$5:B$16,0))) | F9: =IF(D9="","",INDEX('MOS Pressure Test'!D$5:D$16,MATCH(D9,'MOS Pressure Test'!B$5:B$16,0))) | G9: =IF(D9="","",E9-F9) | H9: =IF(D9="","",INDEX('MOS Pressure Test'!G$5:G$16,MATCH(D9,'MOS Pressure Test'!B$5:B$16,0)))
A12: Recommended Interpretation
A13: =IF(B7="","Enter pressure and regulation scores on the MOS Pressure Test tab to generate an interpretation.",IF(B8="Critical","The MOS is under structural stress. Immediate leadership intervention is required: reduce decision delay, restore ownership, and protect escalation flow.",IF(B8="High","Instability is forming. Focus on the largest pressure gaps before they become financial or customer-visible issues.",IF(B8="Watch","The system is nearing its pressure threshold. Tighten cadence, ownership, and escalation discipline.","The MOS is currently absorbing pressure. Continue monitoring for hidden signal compression.")))) -> Enter pressure and regulation scores on the MOS Pressure Test tab to generate an interpretation.

Sheet Scenario Tests
A1: MOS SCENARIO / STRESS TESTS
A2: Use this sheet to model what happens when operational pressure increases or internal regulation weakens.
A4: Scenario | B4: Pressure Shock % | C4: Regulation Shock % | D4: Adjusted Pressure | E4: Adjusted Regulation | F4: Adjusted Ratio | G4: Risk Level | H4: Leadership Response
A5: Demand spike +30% | B5: 0.3 | C5: 0 | D5: =IF('MOS Pressure Test'!B20="","",'MOS Pressure Test'!B20*(1+B5)) | E5: =IF('MOS Pressure Test'!B21="","",'MOS Pressure Test'!B21*(1+C5)) | F5: =IF(OR(D5="",E5="",E5=0),"",D5/E5) | G5: =IF(F5="","",IF(F5>=1.5,"Critical",IF(F5>=1.2,"High",IF(F5>=0.9,"Watch","Stable")))) | H5: =IF(G5="","",IF(G5="Critical","Immediate intervention",IF(G5="High","Reduce pressure gaps",IF(G5="Watch","Tighten MOS controls","Monitor"))))
A6: Supplier failure +25% | B6: 0.25 | C6: -0.1 | D6: =IF('MOS Pressure Test'!B20="","",'MOS Pressure Test'!B20*(1+B6)) | E6: =IF('MOS Pressure Test'!B21="","",'MOS Pressure Test'!B21*(1+C6)) | F6: =IF(OR(D6="",E6="",E6=0),"",D6/E6) | G6: =IF(F6="","",IF(F6>=1.5,"Critical",IF(F6>=1.2,"High",IF(F6>=0.9,"Watch","Stable")))) | H6: =IF(G6="","",IF(G6="Critical","Immediate intervention",IF(G6="High","Reduce pressure gaps",IF(G6="Watch","Tighten MOS controls","Monitor"))))
A7: Executive delay +20% | B7: 0.2 | C7: -0.15 | D7: =IF('MOS Pressure Test'!B20="","",'MOS Pressure Test'!B20*(1+B7)) | E7: =IF('MOS Pressure Test'!B21="","",'MOS Pressure Test'!B21*(1+C7)) | F7: =IF(OR(D7="",E7="",E7=0),"",D7/E7) | G7: =IF(F7="","",IF(F7>=1.5,"Critical",IF(F7>=1.2,"High",IF(F7>=0.9,"Watch","Stable")))) | H7: =IF(G7="","",IF(G7="Critical","Immediate intervention",IF(G7="High","Reduce pressure gaps",IF(G7="Watch","Tighten MOS controls","Monitor"))))
A8: Staffing shortage +15% | B8: 0.15 | C8: -0.2 | D8: =IF('MOS Pressure Test'!B20="","",'MOS Pressure Test'!B20*(1+B8)) | E8: =IF('MOS Pressure Test'!B21="","",'MOS Pressure Test'!B21*(1+C8)) | F8: =IF(OR(D8="",E8="",E8=0),"",D8/E8) | G8: =IF(F8="","",IF(F8>=1.5,"Critical",IF(F8>=1.2,"High",IF(F8>=0.9,"Watch","Stable")))) | H8: =IF(G8="","",IF(G8="Critical","Immediate intervention",IF(G8="High","Reduce pressure gaps",IF(G8="Watch","Tighten MOS controls","Monitor"))))
A9: System outage +40% | B9: 0.4 | C9: -0.25 | D9: =IF('MOS Pressure Test'!B20="","",'MOS Pressure Test'!B20*(1+B9)) | E9: =IF('MOS Pressure Test'!B21="","",'MOS Pressure Test'!B21*(1+C9)) | F9: =IF(OR(D9="",E9="",E9=0),"",D9/E9) | G9: =IF(F9="","",IF(F9>=1.5,"Critical",IF(F9>=1.2,"High",IF(F9>=0.9,"Watch","Stable")))) | H9: =IF(G9="","",IF(G9="Critical","Immediate intervention",IF(G9="High","Reduce pressure gaps",IF(G9="Watch","Tighten MOS controls","Monitor"))))
A10: Custom scenario | B10: 0 | C10: 0 | D10: =IF('MOS Pressure Test'!B20="","",'MOS Pressure Test'!B20*(1+B10)) | E10: =IF('MOS Pressure Test'!B21="","",'MOS Pressure Test'!B21*(1+C10)) | F10: =IF(OR(D10="",E10="",E10=0),"",D10/E10) | G10: =IF(F10="","",IF(F10>=1.5,"Critical",IF(F10>=1.2,"High",IF(F10>=0.9,"Watch","Stable")))) | H10: =IF(G10="","",IF(G10="Critical","Immediate intervention",IF(G10="High","Reduce pressure gaps",IF(G10="Watch","Tighten MOS controls","Monitor"))))

Sheet Definitions
A1: MOS PRESSURE MODEL DEFINITIONS
A3: Metric | B3: What It Measures | C3: How To Test | D3: Example Evidence
A4: Decision Latency | B4: Time from signal to decision to execution | C4: Track issue timestamp, owner assignment, decision time, execution start | D4: Issue logs, tier meeting records, action trackers
A5: Signal Compression | B5: Loss or distortion of reality as issues move upward | C5: Compare frontline description vs executive understanding | D5: Tier 1 notes vs Tier 3 summary
A6: Escalation Integrity | B6: Whether issues move to the correct level fast enough | C6: Measure unresolved issue age and escalation delay | D6: Aging escalations, late customer-impact issues
A7: Leadership Regulation | B7: Stability of leadership response under pressure | C7: Track priority changes, reversals, emergency meetings | D7: Decision reversals, KPI churn, meeting volatility
A8: Operational Recovery | B8: Speed at which system returns to baseline | C8: Measure backlog, stability, and KPI recovery after disruption | D8: Backlog recovery, OTIF normalization
A9: Ownership Clarity | B9: Whether one accountable owner exists for critical issues | C9: Audit actions for named accountable owner and due date | D9: RACI, action register, red items
A10: Cadence Stability | B10: Whether meetings continue producing decisions under stress | C10: Observe tier meetings during pressure event | D10: Decisions made, aged actions, unresolved repeats
A11: KPI Truth / Distortion | B11: Whether KPIs expose reality or hide it | C11: Compare KPI health against actual operational friction | D11: Green dashboard with red customer reality
A12: Resource Flexibility | B12: Capacity to absorb workload, absence, or demand movement | C12: Model staffing and capacity under stress | D12: Overtime, missed actions, queue growth
A13: Supplier Volatility | B13: Exposure to external input disruption | C13: Stress supplier lead time, quality, and delivery reliability | D13: Supplier misses, expedite cost, shortages
A14: Cross-Functional Coordination | B14: How fast functions align around issue resolution | C14: Measure handoff time and rework between functions | D14: Email chains, meeting delays, conflicting priorities
A15: Executive Decision Window | B15: Ability to decide before timing advantage is lost | C15: Compare decision timing to market/customer deadline | D15: Missed windows, delayed approvals
A18: Suggested Scoring Scale
A19: 1–3 | B19: Low pressure or strong control | C19: Stable / routine condition | D19: No meaningful risk
A20: 4–6 | B20: Moderate pressure or partial control | C20: Requires active management | D20: Watch zone
A21: 7–8 | B21: High pressure or weak control | C21: Instability likely forming | D21: Leadership attention required
A22: 9–10 | B22: Extreme pressure or failing control | C22: System integrity at risk | D22: Immediate action required
